<?xml version="1.0" encoding="UTF-8"?>
<GenRun Id="impl_1" LaunchPart="xc7a35tcpg236-1" LaunchTime="1482378456">
  <File Type="OPT-DCP" Name="debouncing_opt.dcp"/>
  <File Type="RUN-CONSTRS" Name="$PDATADIR/runs/impl_1/constrs_in.xml"/>
  <File Type="RUN-SRCS" Name="$PDATADIR/runs/impl_1/sources.xml"/>
  <File Type="PWROPT-DCP" Name="debouncing_pwropt.dcp"/>
  <File Type="ROUTE-DCP" Name="debouncing_routed.dcp"/>
  <File Type="PA-TCL" Name="debouncing.tcl"/>
  <File Type="RUN-STRAT" Name="$PDATADIR/runs/impl_1/impl_1.psg"/>
  <File Type="OPT-DRC" Name="debouncing_drc_opted.rpt"/>
  <File Type="PWROPT-DRC" Name="debouncing_drc_pwropted.rpt"/>
  <File Type="OPT-HWDEF" Name="debouncing.hwdef"/>
  <File Type="PLACE-DCP" Name="debouncing_placed.dcp"/>
  <File Type="PLACE-IO" Name="debouncing_io_placed.rpt"/>
  <File Type="PLACE-CLK" Name="debouncing_clock_utilization_placed.rpt"/>
  <File Type="PLACE-UTIL" Name="debouncing_utilization_placed.rpt"/>
  <File Type="PLACE-UTIL-PB" Name="debouncing_utilization_placed.pb"/>
  <File Type="PLACE-CTRL" Name="debouncing_control_sets_placed.rpt"/>
  <File Type="PLACE-SIMILARITY" Name="debouncing_incremental_reuse_placed.rpt"/>
  <File Type="PLACE-PRE-SIMILARITY" Name="debouncing_incremental_reuse_pre_placed.rpt"/>
  <File Type="POSTPLACE-PWROPT-DCP" Name="debouncing_postplace_pwropt.dcp"/>
  <File Type="PHYSOPT-DCP" Name="debouncing_physopt.dcp"/>
  <File Type="RDI-RDI" Name="debouncing.vdi"/>
  <File Type="PHYSOPT-DRC" Name="debouncing_drc_physopted.rpt"/>
  <File Type="ROUTE-DRC" Name="debouncing_drc_routed.rpt"/>
  <File Type="ROUTE-DRC-PB" Name="debouncing_drc_routed.pb"/>
  <File Type="ROUTE-PWR" Name="debouncing_power_routed.rpt"/>
  <File Type="ROUTE-PWR-SUM" Name="debouncing_power_summary_routed.pb"/>
  <File Type="ROUTE-STATUS" Name="debouncing_route_status.rpt"/>
  <File Type="ROUTE-STATUS-PB" Name="debouncing_route_status.pb"/>
  <File Type="ROUTE-TIMINGSUMMARY" Name="debouncing_timing_summary_routed.rpt"/>
  <File Type="ROUTE-TIMING-PB" Name="debouncing_timing_summary_routed.pb"/>
  <File Type="ROUTE-TIMING-RPX" Name="debouncing_timing_summary_routed.rpx"/>
  <File Type="ROUTE-SIMILARITY" Name="debouncing_incremental_reuse_routed.rpt"/>
  <File Type="ROUTE-CLK" Name="debouncing_clock_utilization_routed.rpt"/>
  <File Type="POSTROUTE-PHYSOPT-DCP" Name="debouncing_postroute_physopt.dcp"/>
  <File Type="POSTROUTE-PHYSOPT-TIMING" Name="debouncing_timing_summary_postroute_physopted.rpt"/>
  <File Type="POSTROUTE-PHYSOPT-TIMING-PB" Name="debouncing_timing_summary_postroute_physopted.pb"/>
  <File Type="POSTROUTE-PHYSOPT-TIMING-RPX" Name="debouncing_timing_summary_postroute_physopted.rpx"/>
  <File Type="BG-BIT" Name="debouncing.bit"/>
  <File Type="BG-BIN" Name="debouncing.bin"/>
  <File Type="BITSTR-MSK" Name="debouncing.msk"/>
  <File Type="BITSTR-RBT" Name="debouncing.rbt"/>
  <File Type="BITSTR-NKY" Name="debouncing.nky"/>
  <File Type="BITSTR-BMM" Name="debouncing_bd.bmm"/>
  <File Type="BITSTR-MMI" Name="debouncing.mmi"/>
  <File Type="BITSTR-SYSDEF" Name="debouncing.sysdef"/>
  <File Type="BG-BGN" Name="debouncing.bgn"/>
  <File Type="BG-DRC" Name="debouncing.drc"/>
  <File Type="WBT-USG" Name="usage_statistics_webtalk.html"/>
  <FileSet Name="sources" Type="DesignSrcs" RelSrcDir="$PSRCDIR/sources_1">
    <Filter Type="Srcs"/>
    <File Path="$PSRCDIR/sources_1/new/debouncing.v">
      <FileInfo>
        <Attr Name="UsedIn" Val="synthesis"/>
        <Attr Name="UsedIn" Val="implementation"/>
        <Attr Name="UsedIn" Val="simulation"/>
      </FileInfo>
    </File>
    <Config>
      <Option Name="DesignMode" Val="RTL"/>
      <Option Name="TopModule" Val="debouncing"/>
      <Option Name="TopAutoSet" Val="TRUE"/>
    </Config>
  </FileSet>
  <FileSet Name="constrs_in" Type="Constrs" RelSrcDir="$PSRCDIR/constrs_1">
    <Filter Type="Constrs"/>
    <File Path="$PSRCDIR/constrs_1/new/debouncing.xdc">
      <FileInfo>
        <Attr Name="UsedIn" Val="synthesis"/>
        <Attr Name="UsedIn" Val="implementation"/>
      </FileInfo>
    </File>
    <Config>
      <Option Name="TargetConstrsFile" Val="$PSRCDIR/constrs_1/new/debouncing.xdc"/>
      <Option Name="ConstrsType" Val="XDC"/>
    </Config>
  </FileSet>
  <Strategy Version="1" Minor="2">
    <StratHandle Name="Vivado Implementation Defaults" Flow="Vivado Implementation 2015"/>
    <Step Id="init_design"/>
    <Step Id="opt_design"/>
    <Step Id="power_opt_design"/>
    <Step Id="place_design"/>
    <Step Id="post_place_power_opt_design"/>
    <Step Id="phys_opt_design"/>
    <Step Id="route_design"/>
    <Step Id="post_route_phys_opt_design"/>
    <Step Id="write_bitstream"/>
  </Strategy>
</GenRun>
